Tent ID | Dropbox #,# of Residents UNDER 18 yr.,# of Residents OVER 18 yr.,# of Tent Residents,sex,date_of_birth,HH1 Occupation,HH1 Occupation - Other,HH2 Sex,HH2 Age,HH2 Occupation,HH2 Occupation - Other,Full Time Resident 1 Relationship,Age,Sex,Occupation,Full Time Resident 2 Relationship,Age,Sex,Occupation,Full Time Resident 3 Relationship,Age,Sex,Occupation,Full Time Resident 4 Relationship,Age,Sex,Occupation,Full Time Resident 5 Relationship,Age,Sex,Occupation,Full Time Resient 6 Relationship,Age,Sex,Occupation,Full Time Resident 7 Relationship,Age,Sex,Full Time Resident 8 Relationship,Age,Sex,Occupation,Full Time Resident 9 Relationship,Age,Sex,Occupation,Full Time Resident 10 Relationship,Age,Sex,Full Time Resident 11 Relationship,Age,Sex,Occupation,Last Name,First Name,Full Time Resident 12 Relationship,Age,Sex,Occupation,Full Time Resident 13 Relationship,Age,Sex,Occupation,Full Time  Resident 14 Relationship,Age,Sex,Occupation,Full Time Resident 15 Relationship,Age,Sex,Occupation
2,1,3,4,F,24,Contracted Worker,Security Guard,F,20,Laundry/Housekeeper,N/A,Grandmother,62,F,Nothing,Daughter,2,F,N/A,,,,,,,,,,,,,,,,,,,,,,,,,,,,,,,,,,,,,,,,,,,,,,,,,,,,
3,1,3,4,F,63,None,Security Guard,M,65,Contracted Work,Security Guard,Daughter,20,F,Nothing,Niece,15,F,Student,,,,,,,,,,,,,,,,,,,,,,,,,,,,,,,,,,,,,,,,,,,,,,,,,,,,
4,3,5,8,F,38,Vendor,,M,42,Paid Consistent Job,Secutiry Guard,Daughter,23,F,Vendor,Daughter,21,F,Vendor,Daughter,15,F,Nothing,Daughter,9,F,Student,Son,3,M,None,Son,20,M,Paid ConsistentJob,,,,,,,,,,,,,,,,,,,,,,,,,,,,,,,,,,,,
4,4,4,8,F,21,Vendor,,M,42,Paid Consistent Job,Secutiry Guard,Son,2,M,Nothing,Mother,38,F,Vendor,Brother,3,M,Nothing,Sister,15,F,Nothing,Sister,10,F,Student,Partner,42,M,Paid Consistent Job,,,,,,,,,,,,,,,,,,,,,,,,,,,,,,,,,,,,
5,2,2,4,F,34,,,,,N/A,,,,,,,,,,,,,,,,,,,,,,,,,,,,,,,,,,,,,,,,,,,,,,,,,,,,,,,,,,,,,
8,2,2,4,M,40,Contracted Work,Construction Assistant,F,25,Laundry/Housekeeper,Housewife,Son,10,M,Student,Daughter,4,F,N/A,,,,,,,,,,,,,,,,,,,,,,,,,,,,,,,,,,,,,,,,,,,,,,,,,,,,
10,10,7,17,F,24,Contracted Worker,Housekeeper,M,53,Agriculture/Fish,,Daughter,2,F,,Mother,50,F,Housewife,Brother,9,M,Student,Brother,11,M,Student,Sister,10,F,Student,Sister,12,F,Student,Sister,14,F,Sister,14,F,,Sister,16,F,,Sister,19,F,Sister,27,F,Maid,Alvarado Gonzalez,Edwin Antonio,Brother,28,M,Albanil,Sister,32,F,Vendor,Niece,12,F,Student,Nephew,6,M,Student
11,2,2,4,F,26,Paid Consistent Job,Housekeeper,,,N/A,,Daughter,3,F,Nothing,Son,3,M,Nothing,Grandmother,50,F,,,,,,,,,,,,,,,,,,,,,,,,,,,,,,,,,,,,,,,,,,,,,,,,,
12,4,2,6,F,37,Laundry/Housekeeper,,,,N/A,,Daughter,18,F,Student,Son,16,M,Student,Son,14,M,Student,Daughter,7,F,Student,Son,13,M,Student,,,,,,,,,,,,,,,,,,,,,,,,,,,,,,,,,,,,,,,,
13,1,3,4,M,22,Seams Man,Seamsman / Sewing,F,23,Paid Consistent Job,Waitress,Son,3,M,N/A,Mother in law,40,F,,,,,,,,,,,,,,,,,,,,,,,,,,,,,,,,,,,,,,,,,,,,,,,,,,,,,
15,2,1,3,F,30,Saleswoman,,,,N/A,,Daughter,12,F,Student,Son,8,M,Student,Mother in law,43,F,,,,,,,,,,,,,,,,,,,,,,,,,,,,,,,,,,,,,,,,,,,,,,,,,
16,1,2,3,F,18,,,M,26,Contracted Worker,,Son,1,M,Nothing,,,,,,,,,,,,,,,,,,,,,,,,,,,,,,,,,,,,,,,,,,,,,,,,,,,,,,,,
17,3,3,6,M,39,Contracted Worker,Mototaxi driver,F,40,Nothing,,Daughter,15,F,Student,Son,13,M,Student,Daughter,9,F,Student,Mother,74,F,Nothing,,,,,,,,,,,,,,,,,,,,,,,,,,,,,,,,,,,,,,,,,,,,
18,3,1,4,F,43,Laundry woman,,,,N/A,,Son,16,M,Student,Son,12,M,Student,Daughter,7,F,Student,,,,,,,,,,,,,,,,,,,,,,,,,,,,,,,,,,,,,,,,,,,,,,,,
20,2,1,3,F,23,Laundry/Housekeeper,,,,,,Son,6,M,Student,Son,2,M,Nothing,,,,,,,,,,,,,,,,,,,,,,,,,,,,,,,,,,,,,,,,,,,,,,,,,,,,
21,2,1,3,F,42,Vendor,,,,,,Daughter,6,F,Student,Son,13,M,Student,,,,,,,,,,,,,,,,,,,,,,,,,,,,,,,,,,,,,,,,,,,,,,,,,,,,
23,3,3,6,M,59,Paid Consistent Job,Security Guard,F,35,Laundry/Housekeeper,N/A,,1,F,Nothing,Daughter,14,F,Student,Son,17,M,Student,Mother in law,62,F,Housekeeper,,,,,,,,,,,,,,,,,,,,,,,,,,,,,,,,,,,,,,,,,,,,
24,2,2,4,F,33,Vendor,,M,49,Paid Consistent Job,Mechanic,Daughter,14,F,Student,Daughter,8,F,Student,,,,,,,,,,,,,,,,,,,,,,,,,,,,,,,,,,,,,,,,,,,,,,,,,,,,
25,3,2,5,M,68,Agriculture,,F,26,Laundry/Housekeeper,,Daughter,8,F,Student,Daughter,6,F,Student,Son,3,M,,,,,,,,,,,,,,,,,,,,,,,,,,,,,,,,,,,,,,,,,,,,,,,,,
27,1,3,4,F,46,Vendor,,,,,,Daughter,24,F,Vendor,Daughter,12,F,Student,Daughter,28,F,Housekeeper,,,,,,,,,,,,,,,,,,,,,,,,,,,,,,,,,,,,,,,,,,,,,,,,
28,3,2,5,M,37,Salesman,,F,37,Laundry/Housekeeper,,Daughter,16,F,Student,Daughter,9,F,Student,Daughter,8,F,Student,,,,,,,,,,,,,,,,,,,,,,,,,,,,,,,,,,,,,,,,,,,,,,,,
29,2,2,4,M,34,Agriculture,,F,26,Laundry/Housekeeper,,Son,9,M,Student,Daugther,4,F,,,,,,,,,,,,,,,,,,,,,,,,,,,,,,,,,,,,,,,,,,,,,,,,,,,,,
30,2,2,4,M,32,Contracted Worker,,F,31,Laundry/Housekeeper,She sells clothes whenever she can,Son,8,M,Student,Mother,53,F,Vendor,,,,,,,,,,,,,,,,,,,,,,,,,,,,,,,,,,,,,,,,,,,,,,,,,,,,
31,2,1,3,M,28,,,,,N/A,,Daughter,10,F,Student,Daughter,6,F,Student,,,,,,,,,,,,,,,,,,,,,,,,,,,,,,,,,,,,,,,,,,,,,,,,,,,,
32,1,2,3,F,23,Vendor,,,,,,Mother,47,F,Vendor,Nephew,16,M,Student,,,,,,,,,,,,,,,,,,,,,,,,,,,,,,,,,,,,,,,,,,,,,,,,,,,,
33,4,2,6,F,30,Other,Housewife,M,38,Contracted Worker,,Son,14,M,Student,Son,12,M,Student,Son,8,M,Student,Son,2,M,Nothing,,,,,,,,,,,,,,,,,,,,,,,,,,,,,,,,,,,,,,,,,,,,
34,4,2,6,F,30,,,M,37,Agriculture/Fish,,Son,14,M,Student,Son,11,M,Student,Son,7,M,Student,Son,1.5,M,,,,,,,,,,,,,,,,,,,,,,,,,,,,,,,,,,,,,,,,,,,,,
35,1,2,3,F,37,Other,Activist USAID,F,64,,,Daughter,9,F,Student,,,,,,,,,,,,,,,,,,,,,,,,,,,,,,,,,,,,,,,,,,,,,,,,,,,,,,,,
37,1,3,4,M,33,Contracted Worker,,F,37,Laundry/Housekeeper,,Son,13,M,Student,Niece,22,F,,,,,,,,,,,,,,,,,,,,,,,,,,,,,,,,,,,,,,,,,,,,,,,,,,,,,
38,1,2,3,F,41,Vendor,,,,,,Son,17,M,Student,Daughter,21,F,,,,,,,,,,,,,,,,,,,,,,,,,,,,,,,,,,,,,,,,,,,,,,,,,,,,,
41,2,2,4,M,27,Salesman,,F,29,Saleswoman,,Daughter,1,F,,Son,2,M,,,,,,,,,,,,,,,,,,,,,,,,,,,,,,,,,,,,,,,,,,,,,,,,,,,,,
42,2,1,3,F,30,Saleswoman,,,,N/A,,Son,6,M,Student,Daughter,1,F,,,,,,,,,,,,,,,,,,,,,,,,,,,,,,,,,,,,,,,,,,,,,,,,,,,,,
44,2,2,4,F,37,Vendor,,M,38,Vendor,,Daughter,11,F,Student,Son,4,M,,,,,,,,,,,,,,,,,,,,,,,,,,,,,,,,,,,,,,,,,,,,,,,,,,,,,
45,,,,M,35,Contracted Worker,,F,33,Laundry/Housekeeper,,Mother,65,F,,,,,,,,,,,,,,,,,,,,,,,,,,,,,,,,,,,,,,,,,,,,,,,,,,,,,,,,,
46,3,3,6,M,45,Vendor,,F,37,Laundry/Housekeeper,,Daughter,16,F,Vendor,Son,12,M,Student,Son,6,M,Nothing,Daughter,21,F,,,,,,,,,,,,,,,,,,,,,,,,,,,,,,,,,,,,,,,,,,,,,
47,5,3,8,F,51,Housekeeper,,M,57,Agriculture,,GRandson,10,M,Student,Granddaughter,8,F,Student,Grandson,5,M,,Grandson,3,M,,Grandson,1,M,,Daughter,30,F,Housekeeper,,,,,,,,,,,,,,,,,,,,,,,,,,,,,,,,,,,,
48,,,,F,,Vendor,,M,,Contracted Worker,,Son,7,M,Student,Son,3,M,,,,,,,,,,,,,,,,,,,,,,,,,,,,,,,,,,,,,,,,,,,,,,,,,,,,,
49,2,2,4,F,23,,,M,25,Agriculture/Fish,,Daughter,2,F,,Son,1,M,,,,,,,,,,,,,,,,,,,,,,,,,,,,,,,,,,,,,,,,,,,,,,,,,,,,,
50,1,1,2,F,26,Laundry/Housekeeper,,,,,,Daughter,2,F,,,,,,,,,,,,,,,,,,,,,,,,,,,,,,,,,,,,,,,,,,,,,,,,,,,,,,,,,
54,4,2,6,M,34,Vendor,,F,28,Other,works in a pupuseria,Son,14,M,Student,Son,12,M,Student,Daughter,6,F,Student,Son,5,M,Student,,,,,,,,,,,,,,,,,,,,,,,,,,,,,,,,,,,,,,,,,,,,
55,3,1,4,F,36,Laundry/Housekeeper,,,,,,Son,15,M,Student,Daughter,11,F,Student,Daughter,7,F,Student,,,,,,,,,,,,,,,,,,,,,,,,,,,,,,,,,,,,,,,,,,,,,,,,
56,2,4,6,F,50,Other,Dressmaking,M,52,Paid Consistent Job,Security,Daughter,16,F,Student,Granddaughter,2,F,,Daughter,25,F,Housekeeper/Laundry,Son,19,M,,,,,,,,,,,,,,,,,,,,,,,,,,,,,,,,,,,,,,,,,,,,,
58,2,2,4,M,35,Contracted Worker,,,38,Laundry/Housekeeper,,Daughter,9,F,Student,Son,1,M,Nothing,,,,,,,,,,,,,,,,,,,,,,,,,,,,,,,,,,,,,,,,,,,,,,,,,,,,
59,2,1,3,F,28,Vendor,,,,,,Son,9,M,Student,Daughter,2,F,,,,,,,,,,,,,,,,,,,,,,,,,,,,,,,,,,,,,,,,,,,,,,,,,,,,,
60,1,1,2,F,27,Other,Dressmaking,,,,,Daughter,2,F,,,,,,,,,,,,,,,,,,,,,,,,,,,,,,,,,,,,,,,,,,,,,,,,,,,,,,,,,
62,2,2,4,M,24,Contracted Worker,,F,25,Contracted Worker,Stylist,Son,6,M,Student,Son,2,M,,,,,,,,,,,,,,,,,,,,,,,,,,,,,,,,,,,,,,,,,,,,,,,,,,,,,
63,4,1,5,F,35,Vendor,,,,,,Son,14,M,Student,Daughter,13,F,Student,Daughter,6,F,,Daughter,1 year,F,,,,,,,,,,,,,,,,,,,,,,,,,,,,,,,,,,,,,,,,,,,,,
64,2,2,4,M,36,Vendor,,F,29,,,Daughter,9,F,Student,Son,4,M,,,,,,,,,,,,,,,,,,,,,,,,,,,,,,,,,,,,,,,,,,,,,,,,,,,,,
65,3,2,5,F,33,,,M,37,Paid Consistent Job,Cook in Guatemala,Son,14,M,Student,Son,6,M,Student,Daughter,2,F,,,,,,,,,,,,,,,,,,,,,,,,,,,,,,,,,,,,,,,,,,,,,,,,,
66,2,3,5,M,36,Vendor,,F,32,Laundry/Housekeeper,,Son,3,M,Nothing,Son,6,M,Student,Cousin,19,F,Contracted Worker,,,,,,,,,,,,,,,,,,,,,,,,,,,,,,,,,,,,,,,,,,,,,,,,
68,,,,F,46,Paid Consistent Job,,,,,,Son,14,M,,,,,,,,,,,,,,,,,,,,,,,,,,,,,,,,,,,,,,,,,,,,,,,,,,,,,,,,,
70,1,3,4,M,53,Contracted Worker,,F,52,Laundry/Housekeeper,,Son,14,M,Student,Son,24,M,,,,,,,,,,,,,,,,,,,,,,,,,,,,,,,,,,,,,,,,,,,,,,,,,,,,,
74,,2,,F,51,Laundry/Housekeeper,,,,,,Daughter,24,F,Student,,,,,,,,,,,,,,,,,,,,,,,,,,,,,,,,,,,,,,,,,,,,,,,,,,,,,,,,
75,,,,F,21,Vendor,,M,35,Vendor,,Daughter,3,F,,,,,,,,,,,,,,,,,,,,,,,,,,,,,,,,,,,,,,,,,,,,,,,,,,,,,,,,,
76,3,3,6,F,40,Vendor,,M,43,Vendor,,Son,12,M,Student,Daughter,4,F,,Daughter,16,F,Nothing,Daughter,20,F,,,,,,,,,,,,,,,,,,,,,,,,,,,,,,,,,,,,,,,,,,,,,
76,3,3,6,M,59,guard at CEDAR,,F,35,,,Daughter,1,F,,Daughter,14,F,Student,Son,17,M,,Grandmother,62,,,,,,,,,,,,,,,,,,,,,,,,,,,,,,,,,,,,,,,,,,,,,,
77,1,3,4,M,42,Paid Consistent Job,Security,F,41,,,Son,14,M,Student,Daughter,20,F,Student,,,,,,,,,,,,,,,,,,,,,,,,,,,,,,,,,,,,,,,,,,,,,,,,,,,,
78,,,,F,38,Laundry/Housekeeper,,,,,,Daughter,21,F,Laundry/Housekeeper,Daughter,18,F,Childcare,Son,15,M,Student,Daughter,11,F,C.E. Arturo Romero,Son,3,M,,,,,,,,,,,,,,,,,,,,,,,,,,,,,,,,,,,,,,,,,
79,2,2,4,F,20,Vendor,,,,,,Son,4,M,Nothing,Daughter,1.5,F,Nothing,Mother,40,F,,,,,,,,,,,,,,,,,,,,,,,,,,,,,,,,,,,,,,,,,,,,,,,,,
80,1,3,4,F,38,,,,,,,Son,16,M,Student,Daughter,22,F,,Mother,55,F,Vendor,,,,,,,,,,,,,,,,,,,,,,,,,,,,,,,,,,,,,,,,,,,,,,,,
81,2,3,5,M,68,Agriculture/Fish,,F,68,,,Grandson,13,M,Student,Granddaughter,11,F,,Grandson,22,M,,,,,,,,,,,,,,,,,,,,,,,,,,,,,,,,,,,,,,,,,,,,,,,,,
82,1,1,2,F,27,Vendor,,,,,,Son,12,M,Student,,,,,,,,,,,,,,,,,,,,,,,,,,,,,,,,,,,,,,,,,,,,,,,,,,,,,,,,
83,2,4,6,M,66,Small business outside or nearby the home,Hammocks,,,,,Granddaughter,2,F,,Grandson,3,M,,Son,27,M,Dressmaking,Daughter,26,F,Vendor,Daughter In Law,19,F,,,,,,,,,,,,,,,,,,,,,,,,,,,,,,,,,,,,,,,,,
84,,,,F,26,Vendor,,,,,,Daughter,10,F,Student,Son,3,M,,,,,,,,,,,,,,,,,,,,,,,,,,,,,,,,,,,,,,,,,,,,,,,,,,,,,
85,1,2,3,F,40,Vendor,,,,,,Daughter,19,F,Vendor,,1,F,,,,,,,,,,,,,,,,,,,,,,,,,,,,,,,,,,,,,,,,,,,,,,,,,,,,,
86,3,2,5,F,32,Laundry/Housekeeper,,M,33,Paid Consistent Job,Security Guard,Son,1,M,Nothing,Son,11,M,Student,Son,7,M,Student,,,,,,,,,,,,,,,,,,,,,,,,,,,,,,,,,,,,,,,,,,,,,,,,
87,,,,F,43,Vendor,,,,,,,6,M,Student,Daughter,26,F,Vendor,Daughter,24,F,,,,,,,,,,,,,,,,,,,,,,,,,,,,,,,,,,,,,,,,,,,,,,,,,
89,1,2,3,M,28,Contracted Worker,,F,25,,,Daughter,8,F,Student,,,,,,,,,,,,,,,,,,,,,,,,,,,,,,,,,,,,,,,,,,,,,,,,,,,,,,,,
91,1,1,2,F,28,Vendor,,,,,,Son,8,M,Student,,,,,,,,,,,,,,,,,,,,,,,,,,,,,,,,,,,,,,,,,,,,,,,,,,,,,,,,
92,3,2,5,F,31,Laundry/Housekeeper,,M,41,Agriculture/Fish,,Son,12,M,Student,Daughter,7,F,Student,Daughter,3,F,Nothing,,,,,,,,,,,,,,,,,,,,,,,,,,,,,,,,,,,,,,,,,,,,,,,,
93,1,2,3,M,45,Contracted Worker,,F,37,,,Son,6,M,Student,,,,,,,,,,,,,,,,,,,,,,,,,,,,,,,,,,,,,,,,,,,,,,,,,,,,,,,,
94,3,2,5,M,38,Contracted Worker,,F,36,Other,Cleans the streets,Son,15,M,Student,Daughter,9,F,Student,Son,4,M,Student,,,,,,,,,,,,,,,,,,,,,,,,,,,,,,,,,,,,,,,,,,,,,,,,
95,2,1,3,F,38,Laundry/Housekeeper,,,,,,Daughter,14,F,Student,Daughter,5,F,Student,,,,,,,,,,,,,,,,,,,,,,,,,,,,,,,,,,,,,,,,,,,,,,,,,,,,
96,1,2,3,M,26,Other,Driver,F,25,Laundry/Housekeeper,,Daughter,5,F,Student,,,,,,,,,,,,,,,,,,,,,,,,,,,,,,,,,,,,,,,,,,,,,,,,,,,,,,,,
97,2,1,3,F,34,Laundry/Housekeeper,,,,,,Son,11,M,Student,Daughter,4,F,Student,,,,,,,,,,,,,,,,,,,,,,,,,,,,,,,,,,,,,,,,,,,,,,,,,,,,
98,4,2,6,M,30,Paid Consistent Job,Wine Producer,F,26,Vendor,,Daughter,8,F,Student,Son,5,M,Student,Daughter,3,,,Son,1.5,M,,,,,,,,,,,,,,,,,,,,,,,,,,,,,,,,,,,,,,,,,,,,,
99,1,2,3,F,29,Laundry/Housekeeper,,M,30,Other,Driver,Daughter,10,F,Student,,,,,,,,,,,,,,,,,,,,,,,,,,,,,,,,,,,,,,,,,,,,,,,,,,,,,,,,
102,2,2,4,F,41,Other,,M,29,Contracted Worker,,Son,13,M,Student,Daughter,6,F,Nothing,,,,,,,,,,,,,,,,,,,,,,,,,,,,,,,,,,,,,,,,,,,,,,,,,,,,
103,4,2,6,F,35,Contracted Worker,,M,45,Laundry/Housekeeper,,Daughter,17,F,,Daughter,14,F,Student,Son,7,M,Student,Daughter,1,F,,,,,,,,,,,,,,,,,,,,,,,,,,,,,,,,,,,,,,,,,,,,,
105,1,4,5,M,45,Contracted Worker,,F,77,Other,Pension,Nephew,15,M,Student,Niece,20,F,Nothing,Nephew,22,M,Contracted Worker,,,,,,,,,,,,,,,,,,,,,,,,,,,,,,,,,,,,,,,,,,,,,,,,
106,,,,F,42,Laundry/Housekeeper,,,,,,Son,20,M,,Son,17,M,,Daughter,15,F,,Daughter,11,,,Son,6,M,,,,,,,,,,,,,,,,,,,,,,,,,,,,,,,,,,,,,,,,,
108,0,3,3,M,32,Family Provides,,F,71,Family Provides,,TÃ­o,50,M,Agriculture/Fish,,,,,,,,,,,,,,,,,,,,,,,,,,,,,,,,,,,,,,,,,,,,,,,,,,,,,,,,
109,,,,M,48,Vendor,,,,,,Son,17,M,,Daughter,2,F,,Daughter,6,F,Student,Son,19,M,,Daughter,22,F,,,,,,,,,,,,,,,,,,,,,,,,,,,,,,,,,,,,,,,,,
111,2,2,4,F,34,Vendor,,M,47,Other,Mechanic,Daughter,14,F,Student,Daughter,7,F,Student,,,,,,,,,,,,,,,,,,,,,,,,,,,,,,,,,,,,,,,,,,,,,,,,,,,,
112,1,,3,M,,Contracted Worker,,,21,,,son,10,M,Student,,,,,,,,,,,,,,,,,,,,,,,,,,,,,,,,,,,,,,,,,,,,,,,,,,,,,,,,
113,,,,F,19,Vendor,,F,40,Vendor,,Daughter,1,F,,,,,,,,,,,,,,,,,,,,,,,,,,,,,,,,,,,,,,,,,,,,,,,,,,,,,,,,,
114,2,2,4,F,31,,,M,34,Contracted Worker,,Son,15,M,Student,Son,11,M,Student,,,,,,,,,,,,,,,,,,,,,,,,,,,,,,,,,,,,,,,,,,,,,,,,,,,,
115,2,2,4,M,33,Paid Consistent Job,Police,F,32,,,Daughter,11,F,Student,son,7,M,Student,,,,,,,,,,,,,,,,,,,,,,,,,,,,,,,,,,,,,,,,,,,,,,,,,,,,
116,2,2,4,M,32,Paid Consistent Job,Police,F,24,,,Son,6,M,Student,Daughter,1.5,F,,,,,,,,,,,,,,,,,,,,,,,,,,,,,,,,,,,,,,,,,,,,,,,,,,,,,
117,2,2,4,M,36,Paid Consistent Job,Police,F,36,,,Son,12,M,Student,Daughter,7,F,Student,,,,,,,,,,,,,,,,,,,,,,,,,,,,,,,,,,,,,,,,,,,,,,,,,,,,
118,,,,M,35,Paid Consistent Job,Police,,,,,Grandfather,84,M,,Grandmother,72,F,,Aunt,40,F,,,,,,,,,,,,,,,,,,,,,,,,,,,,,,,,,,,,,,,,,,,,,,,,,
119,3,3,6,F,34,Paid Consistent Job,Works in a factory,,,,,Daughter,15,F,Student,Son,10,M,Student,Son,6,M,Student,Son,18,M,,Grandmother,63,F,,,,,,,,,,,,,,,,,,,,,,,,,,,,,,,,,,,,,,,,,
120,1,1,2,F,23,Vendor,,,,,,Son,3,M,,,,,,,,,,,,,,,,,,,,,,,,,,,,,,,,,,,,,,,,,,,,,,,,,,,,,,,,,
121,1,2,3,M,40,Contracted Worker,,F,30,Vendor,,Son,4,M,,,,,,,,,,,,,,,,,,,,,,,,,,,,,,,,,,,,,,,,,,,,,,,,,,,,,,,,,
122,2,1,3,F,38,Vendor,,,,,,Daughter,15,F,Student,Son,11,M,Student,,,,,,,,,,,,,,,,,,,,,,,,,,,,,,,,,,,,,,,,,,,,,,,,,,,,
123,3,1,4,F,37,Vendor,,,,,,Daughter,12,F,Student,Daughter,7,F,Student,Son,2,M,,,,,,,,,,,,,,,,,,,,,,,,,,,,,,,,,,,,,,,,,,,,,,,,,
124,2,2,4,M,30,Taxi Driver,,F,30,Vendor,,Daughter,12,F,Student,Daughter,2,F,,,,,,,,,,,,,,,,,,,,,,,,,,,,,,,,,,,,,,,,,,,,,,,,,,,,,
125,1,4,5,M,49,Professor,,F,38,Vendor,,Son,23,M,Student,Daughter,20,F,,Grandchild,1,M,,,,,,,,,,,,,,,,,,,,,,,,,,,,,,,,,,,,,,,,,,,,,,,,,
126,3,2,5,M,41,Military,,F,31,Military,,Son,16,M,,Daughter,11,F,Student,Son,2,M,,,,,,,,,,,,,,,,,,,,,,,,,,,,,,,,,,,,,,,,,,,,,,,,,
127,2,1,3,F,29,Factory Worker,,,,,,Son,10,M,Student,Daughter,4,F,,,,,,,,,,,,,,,,,,,,,,,,,,,,,,,,,,,,,,,,,,,,,,,,,,,,,
128,3,2,5,F,35,Laundry/ Housekeeping,,,,,,Daughter,16,F,Student,Daughter,11,F,Student,Son,3,M,,Grandmother,55,F,Vendor,,,,,,,,,,,,,,,,,,,,,,,,,,,,,,,,,,,,,,,,,,,,
129,1,1,2,F,20,Cook,,,,,,Son,1,M,,,,,,,,,,,,,,,,,,,,,,,,,,,,,,,,,,,,,,,,,,,,,,,,,,,,,,,,,
130,5,4,9,F,59,,,,,,,Daughter,6,F,Student,Daughter,9,F,Student,Son,3,M,,Daughter,15,F,Student,Son,1,M,,Aunt,29,F,Housekeeper,Uncle,27,M,Wife of Jose,28,F,home maker,,,,,,,,,,,,,,,,,,,,,,,,,,,,,
131,2,1,3,F,38,,,,,,,Son,12,M,Student,Son,15,M,Student,,,,,,,,,,,,,,,,,,,,,,,,,,,,,,,,,,,,,,,,,,,,,,,,,,,,
132,2,5,7,F,49,,,M,50,,,Grandson,8,M,Student,Granddaughter,1,F,,Son,28,M,English System technician,Son,23,M,Works in Town Hall,Daughter in law,28,F,Home Maker,,,,,,,,,,,,,,,,,,,,,,,,,,,,,,,,,,,,,,,,
140,1,1,2,F,44,"household worker, cook",,,,,,daughter,9,F,student,,,,,,,,,,,,,,,,,,,,,,,,,,,,,,,,,,,,,,,,,,,,,,,,,,,,,,,,
141,1,4,5,F,61,artisan,,,,,,,2,F,,Grandson,22,M,Student,Grandson,19,M,student,Grandson,20,M,student,,,,,,,,,,,,,,,,,,,,,,,,,,,,,,,,,,,,,,,,,,,,
142,1,2,3,F,21,household worker,,M,48,varios,,,3,F,,,,,,,,,,,,,,,,,,,,,,,,,,,,,,,,,,,,,,,,,,,,,,,,,,,,,,,,,
143,1,2,3,F,53,stay at home mother,,,,,,,10,,student,,,,,,,,,,,,,,,,,,,,,,,,,,,,,,,,,,,,,,,,,,,,,,,,,,,,,,,,
144,2,2,4,F,42,household worker,,,,,,,16,M,student,,13,M,student,daughter,20,F,student,,,,,,,,,,,,,,,,,,,,,,,,,,,,,,,,,,,,,,,,,,,,,,,,
145,3,2,5,F,35,stay at home mother,,M,45,security,,,17,F,student,,16,F,student,,12,M,student,,,,,,,,,,,,,,,,,,,,,,,,,,,,,,,,,,,,,,,,,,,,,,,,
146,1,2,3,F,47,merchant,,M,21,merchant,,,8,F,student,,,,,,,,,,,,,,,,,,,,,,,,,,,,,,,,,,,,,,,,,,,,,,,,,,,,,,,,
147,1,2,3,F,20,domestic work,,M,24,vendor/salesman,,,1,F,,,,,,,,,,,,,,,,,,,,,,,,,,,,,,,,,,,,,,,,,,,,,,,,,,,,,,,,,
148,2,1,3,F,31,has a store and cooks food to sell,,,,,,,16,M,student,,15,F,student,,,,,,,,,,,,,,,,,,,,,,,,,,,,,,,,,,,,,,,,,,,,,,,,,,,,
149,2,2,4,F,35,cook,,,,,,,16,M,student,,5,F,student,grandmother,48,F,,,,,,,,,,,,,,,,,,,,,,,,,,,,,,,,,,,,,,,,,,,,,,,,,
150,3,2,5,F,27,stay at home mother,household worker,M,26,security,,,5,F,student,,4 months,M,,sister in law,16,F,student,,,,,,,,,,,,,,,,,,,,,,,,,,,,,,,,,,,,,,,,,,,,,,,,
151,2,3,5,F,39,fruit vendor,,M,54,security,,,11,M,student,,6,M,student,oldest son,23,M,works,,,,,,,,,,,,,,,,,,,,,,,,,,,,,,,,,,,,,,,,,,,,,,,,
152,1,2,3,M,25,soldier,,F,20,housewife,,,1,M,,,,,,,,,,,,,,,,,,,,,,,,,,,,,,,,,,,,,,,,,,,,,,,,,,,,,,,,,
153,3,1,4,F,31,machine worker,,,,,,,10,,student,,6,,student,,10 months,,,,,,,,,,,,,,,,,,,,,,,,,,,,,,,,,,,,,,,,,,,,,,,,,,
154,2,2,4,F,30,works in a factory,,M,30,motorist,,,11,F,student,,7,F,student,,,,,,,,,,,,,,,,,,,,,,,,,,,,,,,,,,,,,,,,,,,,,,,,,,,,
155,1,1,2,F,20,commercial worker,,,,,,,4,F,student,,,,,,,,,,,,,,,,,,,,,,,,,,,,,,,,,,,,,,,,,,,,,,,,,,,,,,,,
156,2,2,4,F,28,stay at home mother,,M,29,tinsmith,,,8,F,student,,4,M,,,,,,,,,,,,,,,,,,,,,,,,,,,,,,,,,,,,,,,,,,,,,,,,,,,,,
157,2,1,3,F,40,commercial worker,,,,,,,12,M,student,,15,F,student,,,,,,,,,,,,,,,,,,,,,,,,,,,,,,,,,,,,,,,,,,,,,,,,,,,,
158,1,2,3,M,24,baker,,F,23,stay at home mother,,,1,M,,,,,,,,,,,,,,,,,,,,,,,,,,,,,,,,,,,,,,,,,,,,,,,,,,,,,,,,,
159,2,2,4,M,38,biker/driver,,F,39,stay at home mother,,,9,M,student,,15,F,student,,,,,,,,,,,,,,,,,,,,,,,,,,,,,,,,,,,,,,,,,,,,,,,,,,,,
160,4,2,6,,27,fruit and chicken vendor,,,27,brick maker,,,9,F,student,,6,,student,,4,F,,,2,M,,,,,,,,,,,,,,,,,,,,,,,,,,,,,,,,,,,,,,,,,,,,,
161,1,3,4,M,44,biker/driver,,,42,nurse,,,20,M,works,,12,M,student,,,,,,,,,,,,,,,,,,,,,,,,,,,,,,,,,,,,,,,,,,,,,,,,,,,,
162,3,2,5,F,,housewife,,,,,,son,24,M,makeup packer,granddaughter,14,F,student,granddaughter,13,F,student,grandson,10,M,student,,,,,,,,,,,,,,,,,,,,,,,,,,,,,,,,,,,,,,,,,,,,
163,1,3,4,F,35,saleswoman,,,,,,daughter,2,F,,daughter,20,F,student,son,18,M,student,,,,,,,,,,,,,,,,,,,,,,,,,,,,,,,,,,,,,,,,,,,,,,,,
164,2,2,4,F,24,saleswoman (clothing),,M,29,construction builder/worker,,son,9,M,student,daughter,5,F,,,,,,,,,,,,,,,,,,,,,,,,,,,,,,,,,,,,,,,,,,,,,,,,,,,,,
165,3,1,4,F,36,saleswoman (clothing),,,,,,son,5,M,,daughter,7,F,Student,son,8,M,student,,,,,,,,,,,,,,,,,,,,,,,,,,,,,,,,,,,,,,,,,,,,,,,,
166,1,3,4,F,45,seafood seller,,,,,,daughter,12,F,student,son,23,M,construction worker/builder,son,21,M,,,,,,,,,,,,,,,,,,,,,,,,,,,,,,,,,,,,,,,,,,,,,,,,,
167,2,2,4,F,30,stay at home mother,,M,31,multiple jobs,,daughter,9,F,student,daughter,3,F,,,,,,,,,,,,,,,,,,,,,,,,,,,,,,,,,,,,,,,,,,,,,,,,,,,,,
168,2,1,3,F,40,pots and pans seller,,,,,,son,10,M,student,son,17,M,student,,,,,,,,,,,,,,,,,,,,,,,,,,,,,,,,,,,,,,,,,,,,,,,,,,,,
169,2,1,3,F,29,domestic work,,,,,,daughter,2,F,,son,6,F,student,,,,,,,,,,,,,,,,,,,,,,,,,,,,,,,,,,,,,,,,,,,,,,,,,,,,
170,,,,,,,,,,,,,,,,,,,,,,,,,,,,,,,,,,,,,,,,,,,,,,,,,,,,,,,,,,,,,,,,,,,,,,,
171,1,3,4,M,43,Carpenter,,F,41,domestic work,,Daughter,18,F,Student,daughter,12,F,Student,,,,,,,,,,,,,,,,,,,,,,,,,,,,,,,,,,,,,,,,,,,,,,,,,,,,
172,2,2,4,F,24,stay at home mother,,M,25,security guard,,son,5,M,Student,daughter,2,F,,,,,,,,,,,,,,,,,,,,,,,,,,,,,,,,,,,,,,,,,,,,,,,,,,,,,
173,1,3,4,F,37,domestic work,,M,38,construction builder/worker,,Daughter,13,F,Student,daughter,19,F,works in a shop,,,,,,,,,,,,,,,,,,,,,,,,,,,,,,,,,,,,,,,,,,,,,,,,,,,,
N/A,,,,M,64,Vendor,,M,37,Contracted Worker,Security Guard,Daughter,32,F,Student,Son,21,M,Student,,,,,,,,,,,,,,,,,,,,,,,,,,,,,,,,,,,,,,,,,,,,,,,,,,,,
,,,8,F,22,Vendor,,M,25,Contracted Work,Construction Assistant,Daughter,2,F,N/A,,,,,,,,,,,,,,,,,,,,,,,,,,,,,,,,,,,,,,,,,,,,,,,,,,,,,,,,
,1,2,3,M,22,Carpenter,,F,18,Housekeeper,,Son,1,M,,,,,,,,,,,,,,,,,,,,,,,,,,,,,,,,,,,,,,,,,,,,,,,,,,,,,,,,,
174,3,2,5,F,34,Food vendor,,M,42,Food vendor,,daughter,15,F,student,son,6,M,student,son,3,M,,,,,,,,,,,,,,,,,,,,,,,,,,,,,,,,,,,,,,,,,,,,,,,,,
175,1,1,2,F,28,Nurse,,,,,,son,2,M,,,,,,,,,,,,,,,,,,,,,,,,,,,,,,,,,,,,,,,,,,,,,,,,,,,,,,,,,
176,1,3,4,F,36,household worker/domestic work,,M,40,construction builder/worker,,daughter,16,F,Student,daughter,18,F,student,,,,,,,,,,,,,,,,,,,,,,,,,,,,,,,,,,,,,,,,,,,,,,,,,,,,
177,2,1,3,F,33,household worker/domestic work,,,,,,son,12,M,Student,son,6,M,,,,,,,,,,,,,,,,,,,,,,,,,,,,,,,,,,,,,,,,,,,,,,,,,,,,,
178,2,2,4,F,26,household worker/domestic work,,M,29,construction builder/worker,,son,5,M,,daughter,5,F,,,,,,,,,,,,,,,,,,,,,,,,,,,,,,,,,,,,,,,,,,,,,,,,,,,,,
179,1,2,3,F,23,stay at home mother,,M,,salesman,,son,3,M,,brother-in-law,17,M,construction worker,,,,,,,,,,,,,,,,,,,,,,,,,,,,,,,,,,,,,,,,,,,,,,,,,,,,
180,2,1,3,F,34,waitress,,,,,,,18,F,,,12,M,student,,,,,,,,,,,,,,,,,,,,,,,,,,,,,,,,,,,,,,,,,,,,,,,,,,,,
181,0,2,2,F,23,pinata vendor,,M,22,pinata vendor,,,,,,,,,,,,,,,,,,,,,,,,,,,,,,,,,,,,,,,,,,,,,,,,,,,,,,,,,,,,,
182,1,2,3,F,42,domestic work,,,,,,,23,M,day labor,,16,M,student,,,,,,,,,,,,,,,,,,,,,,,,,,,,,,,,,,,,,,,,,,,,,,,,,,,,
183,3,1,4,F,31,vendor,,,,,,,12,F,student,,14,M,student,,8,M,student,,,,,,,,,,,,,,,,,,,,,,,,,,,,,,,,,,,,,,,,,,,,,,,,
184,3,4,7,M,68,day labor,,F,35,vendor,,,19,M,,,17,F,domestic work,,12,M,helps mother sell bread,,14,F,helps at home,,10,F,student,,,,,,,,,,,,,,,,,,,,,,,,,,,,,,,,,,,,,,,,
185,3,1,4,M,43,ordinance,,,,,,,17,M,student,,8,M,student,,5,M,student,,,,,,,,,,,,,,,,,,,,,,,,,,,,,,,,,,,,,,,,,,,,,,,,
186,1,3,4,F,42,household worker/domestic work,,,,,,daughter,22,F,household worker,daughter,18,F,household worker,son,16,M,,,,,,,,,,,,,,,,,,,,,,,,,,,,,,,,,,,,,,,,,,,,,,,,,
187,2,1,3,F,39,merchant,,,,,,son,13,M,,daughter,14,F,,,,,,,,,,,,,,,,,,,,,,,,,,,,,,,,,,,,,,,,,,,,,,,,,,,,,
188,3,2,5,F,33,stay at home mom,,M,34,security guard,,son,11,M,,son,7,M,,son,5,M,,,,,,,,,,,,,,,,,,,,,,,,,,,,,,,,,,,,,,,,,,,,,,,,,
189,3,2,5,F,32,household worker/domestic work,,M,34,salesman,,son,13,M,,daughter,9,F,,daughter,1,F,,,,,,,,,,,,,,,,,,,,,,,,,,,,,,,,,,,,,,,,,,,,,,,,,
190,2,4,6,M,45,works in a maquila,,F,40,food vendor,,son,17,M,,son,15,M,,father-in-law,80,,,mother-in-law,61,F,,,,,,,,,,,,,,,,,,,,,,,,,,,,,,,,,,,,,,,,,,,,,
191,3,1,4,F,30,clothing seller,,,,,,daughter,12,F,student,son,6,M,student,son,2,M,,,,,,,,,,,,,,,,,,,,,,,,,,,,,,,,,,,,,,,,,,,,,,,,,
192,2,1,3,F,35,household worker/domestic work,,,,,,son,12,M,student,daughter,9,F,student,,,,,,,,,,,,,,,,,,,,,,,,,,,,,,,,,,,,,,,,,,,,,,,,,,,,
193,3,1,4,F,37,traditional food seller,,,,,,son,10,M,student,daughter,8,F,student,daughter,4,F,,,,,,,,,,,,,,,,,,,,,,,,,,,,,,,,,,,,,,,,,,,,,,,,,
194,3,2,5,F,30,stay at home mom,,M,30,works in a maquila,,son,12,M,student,daughter,18 months,F,,son,6,M,,,,,,,,,,,,,,,,,,,,,,,,,,,,,,,,,,,,,,,,,,,,,,,,,
195,2,1,3,F,24,fruit seller,,,,,,son,7,M,student,daughter,3 months,F,,,,,,,,,,,,,,,,,,,,,,,,,,,,,,,,,,,,,,,,,,,,,,,,,,,,,